{
  "Profiles": [
    {
      "Name": "Solarized Dark Patched",
      "Guid": "Solarized-Dark-Patched",
      "Normal Font": "SourceCodeProForPowerline-Regular 16",
      "Custom Command": "No",
      "Initial Text": "",
      "Ansi 0 Color": {
        "Blue Component": 0.1937013864517212,
        "Green Component": 0.15575926005840302,
        "Red Component": 0.0
      },
      "Ansi 1 Color": {
        "Blue Component": 0.14145714044570923,
        "Green Component": 0.10840655118227005,
        "Red Component": 0.8192697763442993
      },
      "Ansi 10 Color": {
        "Blue Component": 0.38298487663269043,
        "Green Component": 0.35665956139564514,
        "Red Component": 0.27671992778778076
      },
      "Ansi 11 Color": {
        "Blue Component": 0.4385056495666504,
        "Green Component": 0.4071767330169678,
        "Red Component": 0.32436618208885193
      },
      "Ansi 12 Color": {
        "Blue Component": 0.5168579816818237,
        "Green Component": 0.5096293091773987,
        "Red Component": 0.44058024883270264
      },
      "Ansi 13 Color": {
        "Blue Component": 0.7290843725204468,
        "Green Component": 0.33896297216415405,
        "Red Component": 0.3479863405227661
      },
      "Ansi 14 Color": {
        "Blue Component": 0.5636365413665771,
        "Green Component": 0.5648583769798279,
        "Red Component": 0.5059919357299805
      },
      "Ansi 15 Color": {
        "Blue Component": 0.8640598058700562,
        "Green Component": 0.9579439163208008,
        "Red Component": 0.9894341826438904
      },
      "Ansi 2 Color": {
        "Blue Component": 0.020208755508065224,
        "Green Component": 0.5411549210548401,
        "Red Component": 0.44977453351020813
      },
      "Ansi 3 Color": {
        "Blue Component": 0.023484811186790466,
        "Green Component": 0.4675142467021942,
        "Red Component": 0.6474647521972656
      },
      "Ansi 4 Color": {
        "Blue Component": 0.7823141813278198,
        "Green Component": 0.46265947818756104,
        "Red Component": 0.12754884362220764
      },
      "Ansi 5 Color": {
        "Blue Component": 0.4351663589477539,
        "Green Component": 0.10802463442087173,
        "Red Component": 0.777389407157898
      },
      "Ansi 6 Color": {
        "Blue Component": 0.5250227451324463,
        "Green Component": 0.570823609828949,
        "Red Component": 0.1467953473329544
      },
      "Ansi 7 Color": {
        "Blue Component": 0.7978110313415527,
        "Green Component": 0.8900123834609985,
        "Red Component": 0.916110634803772
      },
      "Ansi 8 Color": {
        "Blue Component": 0.38298487663269043,
        "Green Component": 0.35665956139564514,
        "Red Component": 0.27671992778778076
      },
      "Ansi 9 Color": {
        "Blue Component": 0.07353043556213379,
        "Green Component": 0.21325300633907318,
        "Red Component": 0.7417625784873962
      },
      "Background Color": {
        "Blue Component": 0.15170273184776306,
        "Green Component": 0.1178361028432846,
        "Red Component": 0.0
      },
      "Bold Color": {
        "Blue Component": 0.5636365413665771,
        "Green Component": 0.5648583769798279,
        "Red Component": 0.5059919357299805
      },
      "Cursor Color": {
        "Blue Component": 0.5168579816818237,
        "Green Component": 0.5096293091773987,
        "Red Component": 0.44058024883270264
      },
      "Cursor Text Color": {
        "Blue Component": 0.1937013864517212,
        "Green Component": 0.15575926005840302,
        "Red Component": 0.0
      },
      "Foreground Color": {
        "Blue Component": 0.5168579816818237,
        "Green Component": 0.5096293091773987,
        "Red Component": 0.44058024883270264
      },
      "Selected Text Color": {
        "Blue Component": 0.5636365413665771,
        "Green Component": 0.5648583769798279,
        "Red Component": 0.5059919357299805
      },
      "Selection Color": {
        "Blue Component": 0.1937013864517212,
        "Green Component": 0.15575926005840302,
        "Red Component": 0.0
      }
    }
  ]
}